mean_fit_time,std_fit_time,mean_score_time,std_score_time,param_max_depth,param_max_features,param_min_samples_split,param_n_estimators,params,split0_test_score,split1_test_score,split2_test_score,split3_test_score,split4_test_score,mean_test_score,std_test_score,rank_test_score,split0_train_score,split1_train_score,split2_train_score,split3_train_score,split4_train_score,mean_train_score,std_train_score
0.2086949825286865,0.02576905093453472,0.010374689102172851,0.0035666468188151794,10,sqrt,2,50,"{'max_depth': 10, 'max_features': 'sqrt', 'min_samples_split': 2, 'n_estimators': 50}",-24.30444177644449,-35.263106113375045,-39.81328077511815,-24.061910235629156,-36.91534018970084,-32.07161581805354,6.604014362655936,21,-5.330166415142747,-5.22769350347324,-4.8986711349642,-3.6034174382680204,-5.566429498054207,-4.925275597980483,0.6949083794019902
0.6484678268432618,0.25282954221467646,0.01491098403930664,0.0029428174384529566,10,sqrt,2,100,"{'max_depth': 10, 'max_features': 'sqrt', 'min_samples_split': 2, 'n_estimators': 100}",-27.013974922279107,-34.49280582119228,-40.16502674598893,-24.11196684734458,-34.888300879614896,-32.13441504328396,5.800262074593119,25,-4.947312511849417,-5.16939633035511,-4.744090028573751,-3.541819408791248,-5.30434870161657,-4.7413933962372194,0.6295225004439123
1.0536377429962158,0.5223207359221955,0.04107608795166016,0.023957360292433425,10,sqrt,2,200,"{'max_depth': 10, 'max_features': 'sqrt', 'min_samples_split': 2, 'n_estimators': 200}",-26.723502144967824,-34.695722530278566,-39.25041374495078,-23.940827582147918,-35.93233796917162,-32.108560794303344,5.797093474863752,23,-4.921193038218879,-5.096873190067578,-4.652123368943355,-3.5312621273758573,-5.150306023198048,-4.670351549560744,0.595492306804958
0.2050227165222168,0.05216282628828186,0.008119916915893555,0.0012474764685896662,10,sqrt,5,50,"{'max_depth': 10, 'max_features': 'sqrt', 'min_samples_split': 5, 'n_estimators': 50}",-27.014318964903488,-31.223531509159564,-38.5837304411466,-26.220167131006907,-36.275539244330126,-31.863457458109337,4.907115440199865,19,-6.336004647383317,-6.54744477303861,-6.153164695212179,-4.895338119145285,-6.787631473163104,-6.143916741588499,0.6592625262265744
0.3174677848815918,0.07515467037695533,0.01612124443054199,0.00588454682083661,10,sqrt,5,100,"{'max_depth': 10, 'max_features': 'sqrt', 'min_samples_split': 5, 'n_estimators': 100}",-27.86805903879962,-33.50531703202364,-39.01247454077782,-25.84014912645845,-35.03187200800097,-32.2515743492121,4.802775802597204,29,-6.274351335133072,-6.338045808312803,-6.048428074666926,-4.715587667595389,-6.472222585810924,-5.969727094303823,0.6418747335905443
0.655763816833496,0.1348694984508935,0.026738595962524415,0.007645525790619926,10,sqrt,5,200,"{'max_depth': 10, 'max_features': 'sqrt', 'min_samples_split': 5, 'n_estimators': 200}",-27.592808515742576,-34.23687200303662,-39.0051777410215,-24.918790856496916,-35.133342529876316,-32.177398329234784,5.163399187118312,27,-6.237698122309525,-6.101818014793092,-6.036421528945634,-4.397626379044043,-6.257386031023639,-5.806190015223186,0.7091165027500462
0.17827968597412108,0.044927341248351495,0.008827877044677735,0.0014543248658442916,10,log2,2,50,"{'max_depth': 10, 'max_features': 'log2', 'min_samples_split': 2, 'n_estimators': 50}",-24.30444177644449,-35.263106113375045,-39.81328077511815,-24.061910235629156,-36.91534018970084,-32.07161581805354,6.604014362655936,21,-5.330166415142747,-5.22769350347324,-4.8986711349642,-3.6034174382680204,-5.566429498054207,-4.925275597980483,0.6949083794019902
0.3617410182952881,0.11512456112216787,0.014341068267822266,0.003421849906795878,10,log2,2,100,"{'max_depth': 10, 'max_features': 'log2', 'min_samples_split': 2, 'n_estimators': 100}",-27.013974922279107,-34.49280582119228,-40.16502674598893,-24.11196684734458,-34.888300879614896,-32.13441504328396,5.800262074593119,25,-4.947312511849417,-5.16939633035511,-4.744090028573751,-3.541819408791248,-5.30434870161657,-4.7413933962372194,0.6295225004439123
0.6457369804382325,0.07116582224142347,0.0313666820526123,0.011759689562062234,10,log2,2,200,"{'max_depth': 10, 'max_features': 'log2', 'min_samples_split': 2, 'n_estimators': 200}",-26.723502144967824,-34.695722530278566,-39.25041374495078,-23.940827582147918,-35.93233796917162,-32.108560794303344,5.797093474863752,23,-4.921193038218879,-5.096873190067578,-4.652123368943355,-3.5312621273758573,-5.150306023198048,-4.670351549560744,0.595492306804958
0.16588478088378905,0.06689637227985468,0.007428932189941406,0.0007302152653156576,10,log2,5,50,"{'max_depth': 10, 'max_features': 'log2', 'min_samples_split': 5, 'n_estimators': 50}",-27.014318964903488,-31.223531509159564,-38.5837304411466,-26.220167131006907,-36.275539244330126,-31.863457458109337,4.907115440199865,19,-6.336004647383317,-6.54744477303861,-6.153164695212179,-4.895338119145285,-6.787631473163104,-6.143916741588499,0.6592625262265744
0.30122976303100585,0.04637119184698665,0.01724252700805664,0.00898762838242931,10,log2,5,100,"{'max_depth': 10, 'max_features': 'log2', 'min_samples_split': 5, 'n_estimators': 100}",-27.86805903879962,-33.50531703202364,-39.01247454077782,-25.84014912645845,-35.03187200800097,-32.2515743492121,4.802775802597204,29,-6.274351335133072,-6.338045808312803,-6.048428074666926,-4.715587667595389,-6.472222585810924,-5.969727094303823,0.6418747335905443
0.6360784530639648,0.07876184042994576,0.027479124069213868,0.00909833643904544,10,log2,5,200,"{'max_depth': 10, 'max_features': 'log2', 'min_samples_split': 5, 'n_estimators': 200}",-27.592808515742576,-34.23687200303662,-39.0051777410215,-24.918790856496916,-35.133342529876316,-32.177398329234784,5.163399187118312,27,-6.237698122309525,-6.101818014793092,-6.036421528945634,-4.397626379044043,-6.257386031023639,-5.806190015223186,0.7091165027500462
0.24385337829589843,0.0680313714680361,0.007125043869018554,0.00037042623150330473,10,,2,50,"{'max_depth': 10, 'max_features': None, 'min_samples_split': 2, 'n_estimators': 50}",-21.58737233849625,-28.352990017190248,-40.491726937079655,-23.579123123136586,-27.806277637138056,-28.36349801060816,6.5758750603027485,12,-5.338993753707727,-5.424526575795986,-4.693820882857672,-4.238365630588494,-5.511822066916727,-5.041505781973321,0.4944330736408445
0.5846691608428956,0.1844497463270135,0.016285800933837892,0.006016091495480681,10,,2,100,"{'max_depth': 10, 'max_features': None, 'min_samples_split': 2, 'n_estimators': 100}",-21.37825397444375,-27.95984077151186,-41.8499611066892,-22.272095494878997,-27.34178216720089,-28.16038670294494,7.331903942499503,3,-5.21153922458411,-5.359023745061138,-4.6680357158593795,-4.07553190026169,-5.101470786275843,-4.883120274408432,0.46486135903724335
0.9407238483428955,0.20930911734785246,0.030103731155395507,0.011452296214269093,10,,2,200,"{'max_depth': 10, 'max_features': None, 'min_samples_split': 2, 'n_estimators': 200}",-21.280355808530505,-27.127904515267097,-42.61109367450042,-22.18526095263606,-27.363433341579004,-28.113609658502618,7.662246387143839,2,-5.071341720154395,-5.14754090005595,-4.531090886802243,-3.8877699505358256,-4.926865060390759,-4.712921703587835,0.4641267877707526
0.2560539722442627,0.10016078640592409,0.008219051361083984,0.002185336369326512,10,,5,50,"{'max_depth': 10, 'max_features': None, 'min_samples_split': 5, 'n_estimators': 50}",-21.950181006269315,-27.891559115962618,-40.86308098462194,-23.294891416619116,-26.146604329414764,-28.029263370577553,6.747440437203409,1,-6.116128038133335,-6.018331723191306,-5.587353075954173,-4.57502309569949,-6.247749466818623,-5.708917079959385,0.6086693522171566
0.5543725490570068,0.28580412281597345,0.013589239120483399,0.004510000439105773,10,,5,100,"{'max_depth': 10, 'max_features': None, 'min_samples_split': 5, 'n_estimators': 100}",-21.559912841276685,-27.872597760689736,-42.16216002490639,-22.78081702206171,-26.870086817497157,-28.24911489328634,7.352061127609046,5,-5.980852712562618,-5.984005117219828,-5.581634485203661,-4.426882281417549,-5.885815278999865,-5.571837975080704,0.591062783124626
0.9383160591125488,0.15787134693953866,0.028377485275268555,0.005589387931801288,10,,5,200,"{'max_depth': 10, 'max_features': None, 'min_samples_split': 5, 'n_estimators': 200}",-21.109724659213388,-26.96442226818281,-43.45755756932203,-21.945002272702496,-27.59221288321579,-28.213783930527303,8.050902700751351,4,-5.913362274193787,-5.842480362903904,-5.474513641924065,-4.268379417144188,-5.704244260825753,-5.4405959913983395,0.6049415707577124
0.30685014724731446,0.15940997061235518,0.025785255432128906,0.03446661818707627,20,sqrt,2,50,"{'max_depth': 20, 'max_features': 'sqrt', 'min_samples_split': 2, 'n_estimators': 50}",-25.86762127482979,-33.43001118250275,-40.72824090920203,-29.338589401011212,-38.924906877276115,-33.65787392896438,5.605852334725344,53,-4.970446874227446,-4.583688932437349,-4.659115881817768,-3.7360134278035795,-5.180827703801018,-4.626018564017433,0.49425507890235154
0.3574166774749756,0.06441952447845668,0.015120935440063477,0.00471268656454711,20,sqrt,2,100,"{'max_depth': 20, 'max_features': 'sqrt', 'min_samples_split': 2, 'n_estimators': 100}",-26.044569203372713,-34.01706689696026,-39.20286241452008,-27.105483683195743,-35.5763744543309,-32.389271330475935,5.047891147244299,35,-4.801853983692313,-4.585147588343224,-4.520723974582907,-3.6316482731010264,-4.9151064700318425,-4.4908960579502635,0.4527094248324417
1.2395161628723144,0.7369276802374752,0.03656959533691406,0.025655394726778913,20,sqrt,2,200,"{'max_depth': 20, 'max_features': 'sqrt', 'min_samples_split': 2, 'n_estimators': 200}",-26.84724781986931,-33.767185904596765,-40.17285562977077,-25.59725230043292,-35.22987171825255,-32.32288267458446,5.429094832645088,31,-4.595119007946127,-4.53098283028169,-4.364352802533511,-3.5373890962951693,-4.685198960137219,-4.342608539438743,0.41604465411894004
0.16230931282043456,0.030003032657095623,0.01095585823059082,0.005400696164397525,20,sqrt,5,50,"{'max_depth': 20, 'max_features': 'sqrt', 'min_samples_split': 5, 'n_estimators': 50}",-24.6809956478454,-36.878416323011855,-39.98009885976322,-24.343841713522405,-38.67837923990476,-32.91234635680953,6.929709632369209,47,-6.574990249212802,-5.796823123100993,-6.084183082993791,-4.604741288708095,-6.769310836430228,-5.966009716089181,0.7631239426124444
0.4358053207397461,0.23303099652835502,0.030780744552612305,0.03231999464440454,20,sqrt,5,100,"{'max_depth': 20, 'max_features': 'sqrt', 'min_samples_split': 5, 'n_estimators': 100}",-26.78613762380088,-36.38292248258005,-40.626102052264855,-24.163552836487405,-36.04245591113854,-32.800234181254346,6.25065576076819,43,-6.283385317451959,-5.701897564578938,-5.867538246355647,-4.598989982125705,-6.40677936355191,-5.771718094812831,0.6410076124269144
0.7053067684173584,0.23205248425514816,0.026110124588012696,0.004972512559385315,20,sqrt,5,200,"{'max_depth': 20, 'max_features': 'sqrt', 'min_samples_split': 5, 'n_estimators': 200}",-27.735136108576814,-33.89852199870261,-41.473714936014034,-24.151681127113033,-36.04389775859489,-32.660590385800276,6.120654285355483,41,-6.197030040855827,-5.772930914929078,-5.782965341847766,-4.384122439818787,-6.20003233640823,-5.667416214771938,0.6686551582627396
0.18971447944641112,0.03918671242103293,0.012942171096801758,0.006737942506979943,20,log2,2,50,"{'max_depth': 20, 'max_features': 'log2', 'min_samples_split': 2, 'n_estimators': 50}",-25.86762127482979,-33.43001118250275,-40.72824090920203,-29.338589401011212,-38.924906877276115,-33.65787392896438,5.605852334725344,53,-4.970446874227446,-4.583688932437349,-4.659115881817768,-3.7360134278035795,-5.180827703801018,-4.626018564017433,0.49425507890235154
0.624671745300293,0.31517540626699664,0.04964041709899902,0.03539410037785503,20,log2,2,100,"{'max_depth': 20, 'max_features': 'log2', 'min_samples_split': 2, 'n_estimators': 100}",-26.044569203372713,-34.01706689696026,-39.20286241452008,-27.105483683195743,-35.5763744543309,-32.389271330475935,5.047891147244299,35,-4.801853983692313,-4.585147588343224,-4.520723974582907,-3.6316482731010264,-4.9151064700318425,-4.4908960579502635,0.4527094248324417
0.8762079238891601,0.1356261863471795,0.031006765365600587,0.007755987803304247,20,log2,2,200,"{'max_depth': 20, 'max_features': 'log2', 'min_samples_split': 2, 'n_estimators': 200}",-26.84724781986931,-33.767185904596765,-40.17285562977077,-25.59725230043292,-35.22987171825255,-32.32288267458446,5.429094832645088,31,-4.595119007946127,-4.53098283028169,-4.364352802533511,-3.5373890962951693,-4.685198960137219,-4.342608539438743,0.41604465411894004
0.15243849754333497,0.032602785295439515,0.008625268936157227,0.0029774374140418875,20,log2,5,50,"{'max_depth': 20, 'max_features': 'log2', 'min_samples_split': 5, 'n_estimators': 50}",-24.6809956478454,-36.878416323011855,-39.98009885976322,-24.343841713522405,-38.67837923990476,-32.91234635680953,6.929709632369209,47,-6.574990249212802,-5.796823123100993,-6.084183082993791,-4.604741288708095,-6.769310836430228,-5.966009716089181,0.7631239426124444
0.30116915702819824,0.06663151288608458,0.01624436378479004,0.008943831774564145,20,log2,5,100,"{'max_depth': 20, 'max_features': 'log2', 'min_samples_split': 5, 'n_estimators': 100}",-26.78613762380088,-36.38292248258005,-40.626102052264855,-24.163552836487405,-36.04245591113854,-32.800234181254346,6.25065576076819,43,-6.283385317451959,-5.701897564578938,-5.867538246355647,-4.598989982125705,-6.40677936355191,-5.771718094812831,0.6410076124269144
0.9003766536712646,0.5191397442034725,0.044221115112304685,0.036684253157567605,20,log2,5,200,"{'max_depth': 20, 'max_features': 'log2', 'min_samples_split': 5, 'n_estimators': 200}",-27.735136108576814,-33.89852199870261,-41.473714936014034,-24.151681127113033,-36.04389775859489,-32.660590385800276,6.120654285355483,41,-6.197030040855827,-5.772930914929078,-5.782965341847766,-4.384122439818787,-6.20003233640823,-5.667416214771938,0.6686551582627396
0.32770571708679197,0.23135149945764813,0.007633066177368164,0.0006724746820246448,20,,2,50,"{'max_depth': 20, 'max_features': None, 'min_samples_split': 2, 'n_estimators': 50}",-21.805483105315513,-28.727890310576615,-42.217466286241326,-22.20891837113678,-27.915682377241556,-28.575088090102355,7.388211093356069,16,-5.238535771157961,-4.90104267756931,-4.666287726224049,-4.253294514520971,-5.368437710298037,-4.885519679954065,0.40145795732014705
0.46706619262695315,0.08063359656076613,0.015141868591308593,0.006013332712155933,20,,2,100,"{'max_depth': 20, 'max_features': None, 'min_samples_split': 2, 'n_estimators': 100}",-21.097229564626314,-28.234708837624932,-42.75365697319113,-21.67714609711106,-27.73270099411081,-28.299088493332853,7.809947280310235,11,-5.09764998456349,-4.9024276150539565,-4.595702767582446,-4.066753628331288,-4.939734266149873,-4.720453652336211,0.36506494994131994
1.4495459079742432,0.9479865594243411,0.030747127532958985,0.011482895249787656,20,,2,200,"{'max_depth': 20, 'max_features': None, 'min_samples_split': 2, 'n_estimators': 200}",-21.02470849093796,-27.44623869561425,-43.66239497292,-21.727174525094874,-27.42338764074381,-28.256780865062176,8.168513924754404,7,-4.873036954726393,-4.765658237346236,-4.424918993546444,-3.9037172589077263,-4.783674166274697,-4.550201122160299,0.3574329035768594
0.3544201374053955,0.16673187018261365,0.02964186668395996,0.03754917437751038,20,,5,50,"{'max_depth': 20, 'max_features': None, 'min_samples_split': 5, 'n_estimators': 50}",-21.884602984303484,-28.561002097550634,-44.28351636551554,-23.165182745760628,-26.057537914446907,-28.79036842151544,8.085677644651888,17,-6.016109069532366,-5.623450683954261,-5.505553763037342,-4.637115924587383,-6.150216595743427,-5.586489207370955,0.5313356982791183
0.38869471549987794,0.03888359991426962,0.012427902221679688,0.001105963882555724,20,,5,100,"{'max_depth': 20, 'max_features': None, 'min_samples_split': 5, 'n_estimators': 100}",-21.618609912257465,-27.819952596457387,-44.16093600211467,-21.894642104172675,-26.694238760994775,-28.437675875199393,8.2456414617018,13,-5.875934084104027,-5.707791606699096,-5.553058189713762,-4.5020650279045515,-5.824892770017348,-5.492748335687757,0.507638758619873
1.3702794551849364,0.7960128127375522,0.028945112228393556,0.0026961270062039627,20,,5,200,"{'max_depth': 20, 'max_features': None, 'min_samples_split': 5, 'n_estimators': 200}",-21.216027495404607,-27.216056494217877,-44.067860981683744,-21.900347998057267,-26.95689774303532,-28.271438142479763,8.279352999207168,9,-5.795570854250676,-5.592117866979894,-5.470757384875728,-4.324588207575015,-5.6380208374206635,-5.364211030220396,0.5301230750691184
0.2517531871795654,0.12796900074475942,0.008064937591552735,0.0006627590075216615,,sqrt,2,50,"{'max_depth': None, 'max_features': 'sqrt', 'min_samples_split': 2, 'n_estimators': 50}",-24.780282777047205,-33.43161269866378,-40.701494219112696,-28.7058812524012,-38.786735025205395,-33.28120119448606,5.976511381491671,51,-4.990132258084662,-4.575632911241609,-4.648154806915434,-3.7470822405156774,-5.20774847903778,-4.633750139159032,0.49924891146442785
0.6651605606079102,0.4116861802008378,0.03234066963195801,0.03800102332640107,,sqrt,2,100,"{'max_depth': None, 'max_features': 'sqrt', 'min_samples_split': 2, 'n_estimators': 100}",-25.531605100813525,-34.40568264038639,-39.1880659622474,-26.737567506819136,-35.96973381879414,-32.366531005812114,5.330590797687496,33,-4.825136190406799,-4.575104153523814,-4.509979392402945,-3.6311757591919216,-4.929937652609862,-4.494266629627068,0.45847384948975073
0.9765003204345704,0.6743769646512479,0.04155645370483398,0.030029806314197466,,sqrt,2,200,"{'max_depth': None, 'max_features': 'sqrt', 'min_samples_split': 2, 'n_estimators': 200}",-26.6707490894406,-33.76681067391138,-40.35836611507108,-25.43433661700863,-35.82489402229963,-32.41103130354627,5.626328031972828,37,-4.635591592405592,-4.524601183361248,-4.374695405072278,-3.538907653768022,-4.692409078453405,-4.353240982612109,0.42135976200808234
0.22226781845092775,0.15305897057506881,0.008322763442993163,0.0021612170398861083,,sqrt,5,50,"{'max_depth': None, 'max_features': 'sqrt', 'min_samples_split': 5, 'n_estimators': 50}",-24.6809956478454,-36.878416323011855,-39.98009885976322,-24.343841713522405,-38.67837923990476,-32.91234635680953,6.929709632369209,47,-6.574990249212802,-5.796823123100993,-6.084183082993791,-4.604741288708095,-6.769310836430228,-5.966009716089181,0.7631239426124444
0.4357058048248291,0.30553228893720635,0.01283106803894043,0.002146984611184166,,sqrt,5,100,"{'max_depth': None, 'max_features': 'sqrt', 'min_samples_split': 5, 'n_estimators': 100}",-26.78613762380088,-36.38292248258005,-40.626102052264855,-24.163552836487405,-36.04245591113854,-32.800234181254346,6.25065576076819,43,-6.283385317451959,-5.701897564578938,-5.867538246355647,-4.598989982125705,-6.40677936355191,-5.771718094812831,0.6410076124269144
0.6025525093078613,0.05427150489189322,0.02594165802001953,0.004496361654129347,,sqrt,5,200,"{'max_depth': None, 'max_features': 'sqrt', 'min_samples_split': 5, 'n_estimators': 200}",-27.735136108576814,-33.892318879025964,-41.473714936014034,-24.151681127113033,-35.995789090659926,-32.649728028277956,6.115111061543193,39,-6.197030103536483,-5.772636770045348,-5.782965341847766,-4.384122439818787,-6.169496787905646,-5.661250288630805,0.6638752230228548
0.17061538696289064,0.025046676086934803,0.008434677124023437,0.0013685430349100215,,log2,2,50,"{'max_depth': None, 'max_features': 'log2', 'min_samples_split': 2, 'n_estimators': 50}",-24.780282777047205,-33.43161269866378,-40.701494219112696,-28.7058812524012,-38.786735025205395,-33.28120119448606,5.976511381491671,51,-4.990132258084662,-4.575632911241609,-4.648154806915434,-3.7470822405156774,-5.20774847903778,-4.633750139159032,0.49924891146442785
0.5286161422729492,0.32355872873134267,0.03573408126831055,0.03654614052641354,,log2,2,100,"{'max_depth': None, 'max_features': 'log2', 'min_samples_split': 2, 'n_estimators': 100}",-25.531605100813525,-34.40568264038639,-39.1880659622474,-26.737567506819136,-35.96973381879414,-32.366531005812114,5.330590797687496,33,-4.825136190406799,-4.575104153523814,-4.509979392402945,-3.6311757591919216,-4.929937652609862,-4.494266629627068,0.45847384948975073
0.8739729404449463,0.49779344035373785,0.024465560913085938,0.0020560402745633303,,log2,2,200,"{'max_depth': None, 'max_features': 'log2', 'min_samples_split': 2, 'n_estimators': 200}",-26.6707490894406,-33.76681067391138,-40.35836611507108,-25.43433661700863,-35.82489402229963,-32.41103130354627,5.626328031972828,37,-4.635591592405592,-4.524601183361248,-4.374695405072278,-3.538907653768022,-4.692409078453405,-4.353240982612109,0.42135976200808234
0.2609161376953125,0.18680022326969936,0.010229063034057618,0.002315280194163685,,log2,5,50,"{'max_depth': None, 'max_features': 'log2', 'min_samples_split': 5, 'n_estimators': 50}",-24.6809956478454,-36.878416323011855,-39.98009885976322,-24.343841713522405,-38.67837923990476,-32.91234635680953,6.929709632369209,47,-6.574990249212802,-5.796823123100993,-6.084183082993791,-4.604741288708095,-6.769310836430228,-5.966009716089181,0.7631239426124444
0.29796509742736815,0.03601705838305117,0.013930797576904297,0.0024991406347182623,,log2,5,100,"{'max_depth': None, 'max_features': 'log2', 'min_samples_split': 5, 'n_estimators': 100}",-26.78613762380088,-36.38292248258005,-40.626102052264855,-24.163552836487405,-36.04245591113854,-32.800234181254346,6.25065576076819,43,-6.283385317451959,-5.701897564578938,-5.867538246355647,-4.598989982125705,-6.40677936355191,-5.771718094812831,0.6410076124269144
0.8431430339813233,0.3386935534573667,0.02816629409790039,0.003492983518583377,,log2,5,200,"{'max_depth': None, 'max_features': 'log2', 'min_samples_split': 5, 'n_estimators': 200}",-27.735136108576814,-33.892318879025964,-41.473714936014034,-24.151681127113033,-35.995789090659926,-32.649728028277956,6.115111061543193,39,-6.197030103536483,-5.772636770045348,-5.782965341847766,-4.384122439818787,-6.169496787905646,-5.661250288630805,0.6638752230228548
0.3159628391265869,0.15863135145593216,0.009483766555786134,0.0010863233079126146,,,2,50,"{'max_depth': None, 'max_features': None, 'min_samples_split': 2, 'n_estimators': 50}",-21.7942933479629,-28.696523295696885,-42.217466286241326,-22.20891837113678,-27.915682377241556,-28.56657673565589,7.3901417748203855,15,-5.238454230954869,-4.891096540470248,-4.666287726224049,-4.253294514520971,-5.368437710298037,-4.883514144493636,0.40138632791250517
0.48024516105651854,0.07452968548681023,0.015143442153930663,0.004725117660214295,,,2,100,"{'max_depth': None, 'max_features': None, 'min_samples_split': 2, 'n_estimators': 100}",-21.07705017032004,-28.218703891509445,-42.75365697319113,-21.67714609711106,-27.73270099411081,-28.291851625248494,7.813699548857054,10,-5.093287712954147,-4.897419612521817,-4.595702767582446,-4.066753628331288,-4.939734266149873,-4.7185795975079134,0.36366883826887236
0.9897408962249756,0.19566813587644954,0.021282243728637695,0.001691632440701532,,,2,200,"{'max_depth': None, 'max_features': None, 'min_samples_split': 2, 'n_estimators': 200}",-21.03419349265818,-27.436248798467968,-43.66702915699864,-21.744624390547912,-27.387432675774352,-28.25390570288941,8.166745992541193,6,-4.87137832055818,-4.759561689257703,-4.4320529452991515,-3.9068502169545063,-4.783705607033878,-4.550709755820684,0.3547869979764922
0.297344446182251,0.20478004960449858,0.007814311981201172,0.00023615528632752372,,,5,50,"{'max_depth': None, 'max_features': None, 'min_samples_split': 5, 'n_estimators': 50}",-21.884602984303484,-28.561002097550634,-44.28351636551554,-23.165182745760628,-26.057537914446907,-28.79036842151544,8.085677644651888,17,-6.016109069532366,-5.623447605957584,-5.505553763037342,-4.637115924587383,-6.150216595743427,-5.58648859177162,0.5313356554574079
0.4963740348815918,0.0633347583734721,0.016549110412597656,0.002307703216386877,,,5,100,"{'max_depth': None, 'max_features': None, 'min_samples_split': 5, 'n_estimators': 100}",-21.618609912257465,-27.819952596457387,-44.16093600211467,-21.894642104172675,-26.694238760994775,-28.437675875199393,8.2456414617018,13,-5.875934084104027,-5.707789909185483,-5.553058189713762,-4.5020650279045515,-5.824892770017348,-5.492747996185035,0.5076386148019423
0.7656235694885254,0.04248758447975003,0.015285301208496093,0.001432008408293041,,,5,200,"{'max_depth': None, 'max_features': None, 'min_samples_split': 5, 'n_estimators': 200}",-21.213214599564697,-27.216056494217877,-44.067860981683744,-21.900347998057267,-26.95689774303532,-28.27087556331178,8.279832474486739,8,-5.79556120895934,-5.592116792287369,-5.470757384875728,-4.324588207575015,-5.6380208374206635,-5.364208886223624,0.5301214130051717
