Modelo,V0,V1,V1_sd,V1_rmse,V2,V2_rmse,V3,V3_rmse,V3_per,ΔV1 vs k-θ (mean±sd),ΔV1 vs MEPDG
k-θ (per CBCA),0.8656751496626934,0.8054571392883206,0.12865096568201748,29.855151466431806,0.8444934765565193,32.53965719890763,0.46616924033960816,60.28933096727602,"{np.float64(0.0): 0.46, np.float64(5.0): 0.3, np.float64(10.0): 0.39}",+0.000±0.000,-0.036±0.067
MEPDG universal (per CBCA),0.881617782433064,0.8409874525869266,0.14102321714321892,26.386855129556857,0.8561137860865148,31.300282683721736,0.5002421736663429,58.333558356086606,"{np.float64(0.0): 0.64, np.float64(5.0): 0.35, np.float64(10.0): 0.37}",+0.036±0.067,+0.000±0.000
"RF original tuned (raw, base feat.)",0.9792552473935477,0.7020392469307521,0.30195041721097865,32.81094437126891,0.7776926295661223,38.905911816220566,0.4934853907696486,58.72657260269148,"{np.float64(0.0): 0.46, np.float64(5.0): 0.71, np.float64(10.0): 0.16}",-0.103±0.229,-0.139±0.254
"RF regularised (raw, base feat.)",0.9690959640136485,0.7085268150300084,0.2152038536852632,35.35059335177665,0.7946951991601015,37.38851531164512,0.521018542839393,57.10814028738682,"{np.float64(0.0): 0.52, np.float64(5.0): 0.67, np.float64(10.0): 0.24}",-0.097±0.137,-0.132±0.167
RF regularised + log target,0.9747756938566592,0.7446702998662451,0.16173964363184942,33.791080060790094,0.8066816271874184,36.280664495813134,0.5295831285986285,56.59526683623845,"{np.float64(0.0): 0.55, np.float64(5.0): 0.65, np.float64(10.0): 0.26}",-0.061±0.093,-0.096±0.116
RF regularised + log + ext. feat.,0.9683129743603719,0.6738923910869015,0.259653508378333,36.407634754091596,0.8012857557478528,36.783509856111294,0.5225022420554307,57.0196222250196,"{np.float64(0.0): 0.51, np.float64(5.0): 0.67, np.float64(10.0): 0.24}",-0.132±0.173,-0.167±0.202
HistGB + log + ext. feat.,0.9763395084750711,0.7886460655287226,0.19413656917427854,28.631014983045624,0.7586961666841853,40.53412270098927,0.5050608074379894,58.05165291694876,"{np.float64(0.0): 0.43, np.float64(5.0): 0.7, np.float64(10.0): 0.21}",-0.017±0.137,-0.052±0.143
SVR RBF + log target,0.989745281617835,0.8676095093549977,0.08367695185996266,25.06450906932048,0.733654675527204,42.58544658605567,0.43499851232770315,62.024527273359794,"{np.float64(0.0): 0.2, np.float64(5.0): 0.48, np.float64(10.0): 0.28}",+0.062±0.090,+0.027±0.098
Hybrid: k-θ + RF residual,0.9737875882470367,0.8895967248876433,0.08642895893051944,22.208334390620916,0.8443294517776061,32.55681372482999,0.49031949966774513,58.90981738536391,"{np.float64(0.0): 0.52, np.float64(5.0): 0.39, np.float64(10.0): 0.36}",+0.084±0.080,+0.049±0.074
Hybrid: MEPDG + RF residual,0.9737111978236916,0.8690755838971571,0.12229024569391621,23.567864201990837,0.8008817962249442,36.82087885600006,0.49235855653916294,58.79186030345085,"{np.float64(0.0): 0.55, np.float64(5.0): 0.39, np.float64(10.0): 0.36}",+0.064±0.087,+0.028±0.047
RF log + MEPDG as feature,0.9827790757523838,0.8468018883776534,0.1577823250141591,24.962172884754374,0.7727523132280703,39.33583764829932,0.4996930825802617,58.36559551686766,"{np.float64(0.0): 0.54, np.float64(5.0): 0.39, np.float64(10.0): 0.37}",+0.041±0.122,+0.006±0.092
"RF reg.+log+ext., trained on block medians",0.745521846375138,0.5452806607641885,0.31972063237955234,46.05339858809035,0.6546835976009612,48.48945145316953,0.4140315471469257,63.164895924645755,"{np.float64(0.0): 0.72, np.float64(5.0): 0.17, np.float64(10.0): 0.26}",-0.260±0.224,-0.296±0.240
