Model,Scheme,R2,RMSE,MAE,R2_sd
M1 (5 feat.),V0 random 80/20,0.9948,5.8145,1.9105,
M1 (5 feat.),V1 block hold-out x20,0.7593,32.4213,21.3593,0.1709
M1 (5 feat.),V2 leave-one-sequence-out,0.7794,38.7595,24.6104,
M1 (5 feat.),V3 leave-one-SCBA-out,0.4337,62.0943,56.6087,
M2 (4 feat.),V0 random 80/20,0.996,5.0971,2.0274,
M2 (4 feat.),V1 block hold-out x20,0.8212,27.2838,17.4398,0.1464
M2 (4 feat.),V2 leave-one-sequence-out,0.8333,33.6949,19.5471,
M2 (4 feat.),V3 leave-one-SCBA-out,0.4051,63.6448,58.0175,
M3 (6 feat.),V0 random 80/20,0.9839,10.2784,2.5415,
M3 (6 feat.),V1 block hold-out x20,0.7465,30.3387,20.1073,0.2649
M3 (6 feat.),V2 leave-one-sequence-out,0.7774,38.9354,24.4237,
M3 (6 feat.),V3 leave-one-SCBA-out,0.4689,60.1349,53.8554,
M4 (5 feat.),V0 random 80/20,0.9793,11.6632,3.3098,
M4 (5 feat.),V1 block hold-out x20,0.702,32.8109,21.5546,0.302
M4 (5 feat.),V2 leave-one-sequence-out,0.7777,38.9059,25.0811,
M4 (5 feat.),V3 leave-one-SCBA-out,0.4935,58.7266,48.9773,
Baseline: k-theta law,V0 random 80/20,0.8657,29.6784,21.314,
Baseline: k-theta law,V1 block hold-out x20,0.8055,29.8552,23.5138,0.1287
Baseline: k-theta law,V2 leave-one-sequence-out,0.8445,32.5397,23.5853,
Baseline: k-theta law,V3 leave-one-SCBA-out,0.4662,60.2893,53.6943,
Baseline: block mean,V0 random 80/20,0.9878,8.9458,3.5832,
Baseline: block mean,V1 block hold-out x20,,,,
Baseline: block mean,V2 leave-one-sequence-out,,,,
Baseline: block mean,V3 leave-one-SCBA-out,,,,
M4 - all 900 rows,V0 random 80/20,0.9881,9.0163,3.2162,
M4 - all 900 rows,V1 block hold-out x20,0.2968,61.5195,37.8941,0.6707
M4 - all 900 rows,V2 leave-one-sequence-out,0.4265,65.0179,32.9855,
M4 - all 900 rows,V3 leave-one-SCBA-out,0.2415,74.7728,55.6544,
Baseline k-theta - all 900 rows,V0 random 80/20,0.6223,50.8617,31.9451,
Baseline k-theta - all 900 rows,V1 block hold-out x20,0.1602,67.6573,42.4302,0.6296
Baseline k-theta - all 900 rows,V2 leave-one-sequence-out,0.2312,75.2782,42.3793,
Baseline k-theta - all 900 rows,V3 leave-one-SCBA-out,-0.1001,90.0454,76.2536,
